Google Workspace,Productivity Tools,www.workspace.google.com
Trello,Project Management,www.trello.com
Canva,Graphic Design,www.canva.com
HubSpot,Marketing & Sales,www.hubspot.com
Shopify,E-commerce Platform,www.shopify.com
LinkedIn,Professional Networking,www.linkedin.com
Buffer,Social Media Management,www.buffer.com
AngelList,Startup Funding,www.angel.co
GitHub,Code Hosting & Collaboration,www.github.com
Slack,Team Communication,www.slack.com
WordPress,Website & Blog Creation,www.wordpress.org
Zoom,Video Conferencing,www.zoom.us
Asana,Task & Project Management,www.asana.com
Mailchimp,Email Marketing,www.mailchimp.com
Product Hunt,Discover New Products,www.producthunt.com
QuickBooks,Financial Management,www.quickbooks.intuit.com
Wix,Website Building,www.wix.com
Google Analytics,Website Analytics,analytics.google.com
Evernote,Note-taking & Organization,www.evernote.com
Stripe,Online Payments,www.stripe.com
